{"branches": 77.27272727272727, "coverage": 84.38818565400844}